model,accuracy,f1,precision,recall,roc_auc
logistic_regression,0.5481351981351982,0.43901027347706556,0.3617934652993084,0.55813097866078,0.5745459411667017
random_forest,0.5449009324009324,0.44682132105542766,0.36330127282151703,0.580206033848418,0.5753733144328383
svm,0.5406759906759907,0.44823241162058103,0.3617922929144536,0.588944076526858,0.5696654864526995
